<?xml version="1.0" encoding="UTF-8"?>
<!--

    Copyright (c) 2013 Oracle and/or its affiliates. All rights reserved.

    You may not modify, use, reproduce, or distribute this software except in
    compliance with  the terms of the License at:
    http://java.net/projects/javaeetutorial/pages/BerkeleyLicense

-->
<archetype-descriptor xsi:schemaLocation="http://maven.apache.org/plugins/maven-archetype-plugin/archetype-descriptor/1.0.0 http://maven.apache.org/xsd/archetype-descriptor-1.0.0.xsd" name="dukes-age"
    xmlns="http://maven.apache.org/plugins/maven-archetype-plugin/archetype-descriptor/1.0.0"
    xmlns:xsi="http://www.w3.org/2001/XMLSchema-instance">
  <fileSets>
    <fileSet filtered="true" packaged="true" encoding="UTF-8">
      <directory>src/main/java</directory>
      <includes>
        <include>**/*.java</include>
      </includes>
    </fileSet>
    <fileSet filtered="true" encoding="UTF-8">
      <directory>src/main/webapp</directory>
      <includes>
        <include>**/*.xml</include>
      </includes>
    </fileSet>
    <fileSet filtered="true" encoding="UTF-8">
      <directory></directory>
      <includes>
        <include>nb-configuration.xml</include>
        <include>nbactions.xml</include>
      </includes>
    </fileSet>
  </fileSets>
</archetype-descriptor>
