<?xml version='1.0' encoding='UTF-8'?>

<!-- =========== FULL CONFIGURATION FILE ================================== -->

<faces-config version="2.2"
    xmlns="http://xmlns.jcp.org/xml/ns/javaee" 
    xmlns:xsi="http://www.w3.org/2001/XMLSchema-instance" 
    xsi:schemaLocation="http://xmlns.jcp.org/xml/ns/javaee http://xmlns.jcp.org/xml/ns/javaee/web-facesconfig_2_2.xsd">

    <application>
        <resource-bundle>
            <base-name>firstcup.web.WebMessages</base-name>
            <var>bundle</var>
        </resource-bundle>
        <locale-config>
            <default-locale>en</default-locale>
            <supported-locale>es</supported-locale>
        </locale-config>
    </application>
</faces-config>
